[{"__symbolic":"module","version":3,"metadata":{"Dialog":{"__symbolic":"class","decorators":[{"__symbolic":"call","expression":{"__symbolic":"reference","module":"@angular/core","name":"Component"},"arguments":[{"selector":"p-dialog","template":"\n        <div #container [ngClass]=\"{'ui-dialog ui-widget ui-widget-content ui-corner-all ui-shadow':true,'ui-dialog-rtl':rtl,'ui-dialog-draggable':draggable}\" [ngStyle]=\"style\" [class]=\"styleClass\"\n            [style.display]=\"visible ? 'block' : 'none'\" [style.width.px]=\"width\" [style.height.px]=\"height\" [style.minWidth.px]=\"minWidth\" (mousedown)=\"moveOnTop()\" [@dialogState]=\"visible ? 'visible' : 'hidden'\"\n            role=\"dialog\" [attr.aria-labelledby]=\"ariaLabelledBy\">\n            <div #titlebar class=\"ui-dialog-titlebar ui-widget-header ui-helper-clearfix ui-corner-top\"\n                (mousedown)=\"initDrag($event)\" (mouseup)=\"endDrag($event)\" *ngIf=\"showHeader\">\n                <span [attr.id]=\"ariaLabelledBy\" class=\"ui-dialog-title\" *ngIf=\"header\">{{header}}</span>\n                <span [attr.id]=\"ariaLabelledBy\" class=\"ui-dialog-title\" *ngIf=\"headerFacet && headerFacet.first\">\n                    <ng-content select=\"p-header\"></ng-content>\n                </span>\n                <a *ngIf=\"closable\" [ngClass]=\"{'ui-dialog-titlebar-icon ui-dialog-titlebar-close ui-corner-all':true}\" href=\"#\" role=\"button\" (click)=\"close($event)\" (mousedown)=\"onCloseMouseDown($event)\">\n                    <span class=\"fa fa-fw fa-close\"></span>\n                </a>\n            </div>\n            <div #content class=\"ui-dialog-content ui-widget-content\" [ngStyle]=\"contentStyle\">\n                <ng-content></ng-content>\n            </div>\n            <div class=\"ui-dialog-footer ui-widget-content\" *ngIf=\"footerFacet && footerFacet.first\">\n                <ng-content select=\"p-footer\"></ng-content>\n            </div>\n            <div *ngIf=\"resizable\" class=\"ui-resizable-handle ui-resizable-se ui-icon ui-icon-gripsmall-diagonal-se\" style=\"z-index: 90;\"\n                (mousedown)=\"initResize($event)\"></div>\n        </div>\n    ","animations":[{"__symbolic":"call","expression":{"__symbolic":"reference","module":"@angular/animations","name":"trigger"},"arguments":["dialogState",[{"__symbolic":"call","expression":{"__symbolic":"reference","module":"@angular/animations","name":"state"},"arguments":["hidden",{"__symbolic":"call","expression":{"__symbolic":"reference","module":"@angular/animations","name":"style"},"arguments":[{"opacity":0}]}]},{"__symbolic":"call","expression":{"__symbolic":"reference","module":"@angular/animations","name":"state"},"arguments":["visible",{"__symbolic":"call","expression":{"__symbolic":"reference","module":"@angular/animations","name":"style"},"arguments":[{"opacity":1}]}]},{"__symbolic":"call","expression":{"__symbolic":"reference","module":"@angular/animations","name":"transition"},"arguments":["visible => hidden",{"__symbolic":"call","expression":{"__symbolic":"reference","module":"@angular/animations","name":"animate"},"arguments":["400ms ease-in"]}]},{"__symbolic":"call","expression":{"__symbolic":"reference","module":"@angular/animations","name":"transition"},"arguments":["hidden => visible",{"__symbolic":"call","expression":{"__symbolic":"reference","module":"@angular/animations","name":"animate"},"arguments":["400ms ease-out"]}]}]]}],"providers":[{"__symbolic":"reference","module":"../dom/domhandler","name":"DomHandler"}]}]}],"members":{"id":[{"__symbolic":"property","decorators":[{"__symbolic":"call","expression":{"__symbolic":"reference","module":"@angular/core","name":"Input"}}]}],"ariaLabelledBy":[{"__symbolic":"property","decorators":[{"__symbolic":"call","expression":{"__symbolic":"reference","module":"@angular/core","name":"Input"}}]}],"header":[{"__symbolic":"property","decorators":[{"__symbolic":"call","expression":{"__symbolic":"reference","module":"@angular/core","name":"Input"}}]}],"draggable":[{"__symbolic":"property","decorators":[{"__symbolic":"call","expression":{"__symbolic":"reference","module":"@angular/core","name":"Input"}}]}],"resizable":[{"__symbolic":"property","decorators":[{"__symbolic":"call","expression":{"__symbolic":"reference","module":"@angular/core","name":"Input"}}]}],"minWidth":[{"__symbolic":"property","decorators":[{"__symbolic":"call","expression":{"__symbolic":"reference","module":"@angular/core","name":"Input"}}]}],"minHeight":[{"__symbolic":"property","decorators":[{"__symbolic":"call","expression":{"__symbolic":"reference","module":"@angular/core","name":"Input"}}]}],"width":[{"__symbolic":"property","decorators":[{"__symbolic":"call","expression":{"__symbolic":"reference","module":"@angular/core","name":"Input"}}]}],"height":[{"__symbolic":"property","decorators":[{"__symbolic":"call","expression":{"__symbolic":"reference","module":"@angular/core","name":"Input"}}]}],"positionLeft":[{"__symbolic":"property","decorators":[{"__symbolic":"call","expression":{"__symbolic":"reference","module":"@angular/core","name":"Input"}}]}],"positionTop":[{"__symbolic":"property","decorators":[{"__symbolic":"call","expression":{"__symbolic":"reference","module":"@angular/core","name":"Input"}}]}],"contentStyle":[{"__symbolic":"property","decorators":[{"__symbolic":"call","expression":{"__symbolic":"reference","module":"@angular/core","name":"Input"}}]}],"modal":[{"__symbolic":"property","decorators":[{"__symbolic":"call","expression":{"__symbolic":"reference","module":"@angular/core","name":"Input"}}]}],"closeOnEscape":[{"__symbolic":"property","decorators":[{"__symbolic":"call","expression":{"__symbolic":"reference","module":"@angular/core","name":"Input"}}]}],"dismissableMask":[{"__symbolic":"property","decorators":[{"__symbolic":"call","expression":{"__symbolic":"reference","module":"@angular/core","name":"Input"}}]}],"rtl":[{"__symbolic":"property","decorators":[{"__symbolic":"call","expression":{"__symbolic":"reference","module":"@angular/core","name":"Input"}}]}],"closable":[{"__symbolic":"property","decorators":[{"__symbolic":"call","expression":{"__symbolic":"reference","module":"@angular/core","name":"Input"}}]}],"responsive":[{"__symbolic":"property","decorators":[{"__symbolic":"call","expression":{"__symbolic":"reference","module":"@angular/core","name":"Input"}}]}],"appendTo":[{"__symbolic":"property","decorators":[{"__symbolic":"call","expression":{"__symbolic":"reference","module":"@angular/core","name":"Input"}}]}],"style":[{"__symbolic":"property","decorators":[{"__symbolic":"call","expression":{"__symbolic":"reference","module":"@angular/core","name":"Input"}}]}],"styleClass":[{"__symbolic":"property","decorators":[{"__symbolic":"call","expression":{"__symbolic":"reference","module":"@angular/core","name":"Input"}}]}],"showHeader":[{"__symbolic":"property","decorators":[{"__symbolic":"call","expression":{"__symbolic":"reference","module":"@angular/core","name":"Input"}}]}],"breakpoint":[{"__symbolic":"property","decorators":[{"__symbolic":"call","expression":{"__symbolic":"reference","module":"@angular/core","name":"Input"}}]}],"blockScroll":[{"__symbolic":"property","decorators":[{"__symbolic":"call","expression":{"__symbolic":"reference","module":"@angular/core","name":"Input"}}]}],"autoZIndex":[{"__symbolic":"property","decorators":[{"__symbolic":"call","expression":{"__symbolic":"reference","module":"@angular/core","name":"Input"}}]}],"baseZIndex":[{"__symbolic":"property","decorators":[{"__symbolic":"call","expression":{"__symbolic":"reference","module":"@angular/core","name":"Input"}}]}],"headerFacet":[{"__symbolic":"property","decorators":[{"__symbolic":"call","expression":{"__symbolic":"reference","module":"@angular/core","name":"ContentChildren"},"arguments":[{"__symbolic":"reference","module":"../common/shared","name":"Header"},{"descendants":false}]}]}],"footerFacet":[{"__symbolic":"property","decorators":[{"__symbolic":"call","expression":{"__symbolic":"reference","module":"@angular/core","name":"ContentChildren"},"arguments":[{"__symbolic":"reference","module":"../common/shared","name":"Footer"},{"descendants":false}]}]}],"containerViewChild":[{"__symbolic":"property","decorators":[{"__symbolic":"call","expression":{"__symbolic":"reference","module":"@angular/core","name":"ViewChild"},"arguments":["container"]}]}],"headerViewChild":[{"__symbolic":"property","decorators":[{"__symbolic":"call","expression":{"__symbolic":"reference","module":"@angular/core","name":"ViewChild"},"arguments":["titlebar"]}]}],"contentViewChild":[{"__symbolic":"property","decorators":[{"__symbolic":"call","expression":{"__symbolic":"reference","module":"@angular/core","name":"ViewChild"},"arguments":["content"]}]}],"onShow":[{"__symbolic":"property","decorators":[{"__symbolic":"call","expression":{"__symbolic":"reference","module":"@angular/core","name":"Output"}}]}],"onHide":[{"__symbolic":"property","decorators":[{"__symbolic":"call","expression":{"__symbolic":"reference","module":"@angular/core","name":"Output"}}]}],"visibleChange":[{"__symbolic":"property","decorators":[{"__symbolic":"call","expression":{"__symbolic":"reference","module":"@angular/core","name":"Output"}}]}],"__ctor__":[{"__symbolic":"constructor","parameters":[{"__symbolic":"reference","module":"@angular/core","name":"ElementRef"},{"__symbolic":"reference","module":"../dom/domhandler","name":"DomHandler"},{"__symbolic":"reference","module":"@angular/core","name":"Renderer2"},{"__symbolic":"reference","module":"@angular/core","name":"NgZone"}]}],"visible":[{"__symbolic":"property","decorators":[{"__symbolic":"call","expression":{"__symbolic":"reference","module":"@angular/core","name":"Input"}}]}],"ngAfterViewChecked":[{"__symbolic":"method"}],"show":[{"__symbolic":"method"}],"positionOverlay":[{"__symbolic":"method"}],"hide":[{"__symbolic":"method"}],"close":[{"__symbolic":"method"}],"ngAfterViewInit":[{"__symbolic":"method"}],"center":[{"__symbolic":"method"}],"enableModality":[{"__symbolic":"method"}],"disableModality":[{"__symbolic":"method"}],"unbindMaskClickListener":[{"__symbolic":"method"}],"moveOnTop":[{"__symbolic":"method"}],"onCloseMouseDown":[{"__symbolic":"method"}],"initDrag":[{"__symbolic":"method"}],"onDrag":[{"__symbolic":"method"}],"endDrag":[{"__symbolic":"method"}],"initResize":[{"__symbolic":"method"}],"onResize":[{"__symbolic":"method"}],"onResizeEnd":[{"__symbolic":"method"}],"bindGlobalListeners":[{"__symbolic":"method"}],"unbindGlobalListeners":[{"__symbolic":"method"}],"bindDocumentDragListener":[{"__symbolic":"method"}],"unbindDocumentDragListener":[{"__symbolic":"method"}],"bindDocumentResizeListeners":[{"__symbolic":"method"}],"unbindDocumentResizeListeners":[{"__symbolic":"method"}],"bindDocumentResponsiveListener":[{"__symbolic":"method"}],"unbindDocumentResponsiveListener":[{"__symbolic":"method"}],"onWindowResize":[{"__symbolic":"method"}],"bindDocumentEscapeListener":[{"__symbolic":"method"}],"unbindDocumentEscapeListener":[{"__symbolic":"method"}],"ngOnDestroy":[{"__symbolic":"method"}]}},"DialogModule":{"__symbolic":"class","decorators":[{"__symbolic":"call","expression":{"__symbolic":"reference","module":"@angular/core","name":"NgModule"},"arguments":[{"imports":[{"__symbolic":"reference","module":"@angular/common","name":"CommonModule"}],"exports":[{"__symbolic":"reference","name":"Dialog"},{"__symbolic":"reference","module":"../common/shared","name":"SharedModule"}],"declarations":[{"__symbolic":"reference","name":"Dialog"}]}]}]}}},{"__symbolic":"module","version":1,"metadata":{"Dialog":{"__symbolic":"class","decorators":[{"__symbolic":"call","expression":{"__symbolic":"reference","module":"@angular/core","name":"Component"},"arguments":[{"selector":"p-dialog","template":"\n        <div #container [ngClass]=\"{'ui-dialog ui-widget ui-widget-content ui-corner-all ui-shadow':true,'ui-dialog-rtl':rtl,'ui-dialog-draggable':draggable}\" [ngStyle]=\"style\" [class]=\"styleClass\"\n            [style.display]=\"visible ? 'block' : 'none'\" [style.width.px]=\"width\" [style.height.px]=\"height\" [style.minWidth.px]=\"minWidth\" (mousedown)=\"moveOnTop()\" [@dialogState]=\"visible ? 'visible' : 'hidden'\"\n            role=\"dialog\" [attr.aria-labelledby]=\"ariaLabelledBy\">\n            <div #titlebar class=\"ui-dialog-titlebar ui-widget-header ui-helper-clearfix ui-corner-top\"\n                (mousedown)=\"initDrag($event)\" (mouseup)=\"endDrag($event)\" *ngIf=\"showHeader\">\n                <span [attr.id]=\"ariaLabelledBy\" class=\"ui-dialog-title\" *ngIf=\"header\">{{header}}</span>\n                <span [attr.id]=\"ariaLabelledBy\" class=\"ui-dialog-title\" *ngIf=\"headerFacet && headerFacet.first\">\n                    <ng-content select=\"p-header\"></ng-content>\n                </span>\n                <a *ngIf=\"closable\" [ngClass]=\"{'ui-dialog-titlebar-icon ui-dialog-titlebar-close ui-corner-all':true}\" href=\"#\" role=\"button\" (click)=\"close($event)\" (mousedown)=\"onCloseMouseDown($event)\">\n                    <span class=\"fa fa-fw fa-close\"></span>\n                </a>\n            </div>\n            <div #content class=\"ui-dialog-content ui-widget-content\" [ngStyle]=\"contentStyle\">\n                <ng-content></ng-content>\n            </div>\n            <div class=\"ui-dialog-footer ui-widget-content\" *ngIf=\"footerFacet && footerFacet.first\">\n                <ng-content select=\"p-footer\"></ng-content>\n            </div>\n            <div *ngIf=\"resizable\" class=\"ui-resizable-handle ui-resizable-se ui-icon ui-icon-gripsmall-diagonal-se\" style=\"z-index: 90;\"\n                (mousedown)=\"initResize($event)\"></div>\n        </div>\n    ","animations":[{"__symbolic":"call","expression":{"__symbolic":"reference","module":"@angular/animations","name":"trigger"},"arguments":["dialogState",[{"__symbolic":"call","expression":{"__symbolic":"reference","module":"@angular/animations","name":"state"},"arguments":["hidden",{"__symbolic":"call","expression":{"__symbolic":"reference","module":"@angular/animations","name":"style"},"arguments":[{"opacity":0}]}]},{"__symbolic":"call","expression":{"__symbolic":"reference","module":"@angular/animations","name":"state"},"arguments":["visible",{"__symbolic":"call","expression":{"__symbolic":"reference","module":"@angular/animations","name":"style"},"arguments":[{"opacity":1}]}]},{"__symbolic":"call","expression":{"__symbolic":"reference","module":"@angular/animations","name":"transition"},"arguments":["visible => hidden",{"__symbolic":"call","expression":{"__symbolic":"reference","module":"@angular/animations","name":"animate"},"arguments":["400ms ease-in"]}]},{"__symbolic":"call","expression":{"__symbolic":"reference","module":"@angular/animations","name":"transition"},"arguments":["hidden => visible",{"__symbolic":"call","expression":{"__symbolic":"reference","module":"@angular/animations","name":"animate"},"arguments":["400ms ease-out"]}]}]]}],"providers":[{"__symbolic":"reference","module":"../dom/domhandler","name":"DomHandler"}]}]}],"members":{"id":[{"__symbolic":"property","decorators":[{"__symbolic":"call","expression":{"__symbolic":"reference","module":"@angular/core","name":"Input"}}]}],"ariaLabelledBy":[{"__symbolic":"property","decorators":[{"__symbolic":"call","expression":{"__symbolic":"reference","module":"@angular/core","name":"Input"}}]}],"header":[{"__symbolic":"property","decorators":[{"__symbolic":"call","expression":{"__symbolic":"reference","module":"@angular/core","name":"Input"}}]}],"draggable":[{"__symbolic":"property","decorators":[{"__symbolic":"call","expression":{"__symbolic":"reference","module":"@angular/core","name":"Input"}}]}],"resizable":[{"__symbolic":"property","decorators":[{"__symbolic":"call","expression":{"__symbolic":"reference","module":"@angular/core","name":"Input"}}]}],"minWidth":[{"__symbolic":"property","decorators":[{"__symbolic":"call","expression":{"__symbolic":"reference","module":"@angular/core","name":"Input"}}]}],"minHeight":[{"__symbolic":"property","decorators":[{"__symbolic":"call","expression":{"__symbolic":"reference","module":"@angular/core","name":"Input"}}]}],"width":[{"__symbolic":"property","decorators":[{"__symbolic":"call","expression":{"__symbolic":"reference","module":"@angular/core","name":"Input"}}]}],"height":[{"__symbolic":"property","decorators":[{"__symbolic":"call","expression":{"__symbolic":"reference","module":"@angular/core","name":"Input"}}]}],"positionLeft":[{"__symbolic":"property","decorators":[{"__symbolic":"call","expression":{"__symbolic":"reference","module":"@angular/core","name":"Input"}}]}],"positionTop":[{"__symbolic":"property","decorators":[{"__symbolic":"call","expression":{"__symbolic":"reference","module":"@angular/core","name":"Input"}}]}],"contentStyle":[{"__symbolic":"property","decorators":[{"__symbolic":"call","expression":{"__symbolic":"reference","module":"@angular/core","name":"Input"}}]}],"modal":[{"__symbolic":"property","decorators":[{"__symbolic":"call","expression":{"__symbolic":"reference","module":"@angular/core","name":"Input"}}]}],"closeOnEscape":[{"__symbolic":"property","decorators":[{"__symbolic":"call","expression":{"__symbolic":"reference","module":"@angular/core","name":"Input"}}]}],"dismissableMask":[{"__symbolic":"property","decorators":[{"__symbolic":"call","expression":{"__symbolic":"reference","module":"@angular/core","name":"Input"}}]}],"rtl":[{"__symbolic":"property","decorators":[{"__symbolic":"call","expression":{"__symbolic":"reference","module":"@angular/core","name":"Input"}}]}],"closable":[{"__symbolic":"property","decorators":[{"__symbolic":"call","expression":{"__symbolic":"reference","module":"@angular/core","name":"Input"}}]}],"responsive":[{"__symbolic":"property","decorators":[{"__symbolic":"call","expression":{"__symbolic":"reference","module":"@angular/core","name":"Input"}}]}],"appendTo":[{"__symbolic":"property","decorators":[{"__symbolic":"call","expression":{"__symbolic":"reference","module":"@angular/core","name":"Input"}}]}],"style":[{"__symbolic":"property","decorators":[{"__symbolic":"call","expression":{"__symbolic":"reference","module":"@angular/core","name":"Input"}}]}],"styleClass":[{"__symbolic":"property","decorators":[{"__symbolic":"call","expression":{"__symbolic":"reference","module":"@angular/core","name":"Input"}}]}],"showHeader":[{"__symbolic":"property","decorators":[{"__symbolic":"call","expression":{"__symbolic":"reference","module":"@angular/core","name":"Input"}}]}],"breakpoint":[{"__symbolic":"property","decorators":[{"__symbolic":"call","expression":{"__symbolic":"reference","module":"@angular/core","name":"Input"}}]}],"blockScroll":[{"__symbolic":"property","decorators":[{"__symbolic":"call","expression":{"__symbolic":"reference","module":"@angular/core","name":"Input"}}]}],"autoZIndex":[{"__symbolic":"property","decorators":[{"__symbolic":"call","expression":{"__symbolic":"reference","module":"@angular/core","name":"Input"}}]}],"baseZIndex":[{"__symbolic":"property","decorators":[{"__symbolic":"call","expression":{"__symbolic":"reference","module":"@angular/core","name":"Input"}}]}],"headerFacet":[{"__symbolic":"property","decorators":[{"__symbolic":"call","expression":{"__symbolic":"reference","module":"@angular/core","name":"ContentChildren"},"arguments":[{"__symbolic":"reference","module":"../common/shared","name":"Header"},{"descendants":false}]}]}],"footerFacet":[{"__symbolic":"property","decorators":[{"__symbolic":"call","expression":{"__symbolic":"reference","module":"@angular/core","name":"ContentChildren"},"arguments":[{"__symbolic":"reference","module":"../common/shared","name":"Footer"},{"descendants":false}]}]}],"containerViewChild":[{"__symbolic":"property","decorators":[{"__symbolic":"call","expression":{"__symbolic":"reference","module":"@angular/core","name":"ViewChild"},"arguments":["container"]}]}],"headerViewChild":[{"__symbolic":"property","decorators":[{"__symbolic":"call","expression":{"__symbolic":"reference","module":"@angular/core","name":"ViewChild"},"arguments":["titlebar"]}]}],"contentViewChild":[{"__symbolic":"property","decorators":[{"__symbolic":"call","expression":{"__symbolic":"reference","module":"@angular/core","name":"ViewChild"},"arguments":["content"]}]}],"onShow":[{"__symbolic":"property","decorators":[{"__symbolic":"call","expression":{"__symbolic":"reference","module":"@angular/core","name":"Output"}}]}],"onHide":[{"__symbolic":"property","decorators":[{"__symbolic":"call","expression":{"__symbolic":"reference","module":"@angular/core","name":"Output"}}]}],"visibleChange":[{"__symbolic":"property","decorators":[{"__symbolic":"call","expression":{"__symbolic":"reference","module":"@angular/core","name":"Output"}}]}],"__ctor__":[{"__symbolic":"constructor","parameters":[{"__symbolic":"reference","module":"@angular/core","name":"ElementRef"},{"__symbolic":"reference","module":"../dom/domhandler","name":"DomHandler"},{"__symbolic":"reference","module":"@angular/core","name":"Renderer2"},{"__symbolic":"reference","module":"@angular/core","name":"NgZone"}]}],"visible":[{"__symbolic":"property","decorators":[{"__symbolic":"call","expression":{"__symbolic":"reference","module":"@angular/core","name":"Input"}}]}],"ngAfterViewChecked":[{"__symbolic":"method"}],"show":[{"__symbolic":"method"}],"positionOverlay":[{"__symbolic":"method"}],"hide":[{"__symbolic":"method"}],"close":[{"__symbolic":"method"}],"ngAfterViewInit":[{"__symbolic":"method"}],"center":[{"__symbolic":"method"}],"enableModality":[{"__symbolic":"method"}],"disableModality":[{"__symbolic":"method"}],"unbindMaskClickListener":[{"__symbolic":"method"}],"moveOnTop":[{"__symbolic":"method"}],"onCloseMouseDown":[{"__symbolic":"method"}],"initDrag":[{"__symbolic":"method"}],"onDrag":[{"__symbolic":"method"}],"endDrag":[{"__symbolic":"method"}],"initResize":[{"__symbolic":"method"}],"onResize":[{"__symbolic":"method"}],"onResizeEnd":[{"__symbolic":"method"}],"bindGlobalListeners":[{"__symbolic":"method"}],"unbindGlobalListeners":[{"__symbolic":"method"}],"bindDocumentDragListener":[{"__symbolic":"method"}],"unbindDocumentDragListener":[{"__symbolic":"method"}],"bindDocumentResizeListeners":[{"__symbolic":"method"}],"unbindDocumentResizeListeners":[{"__symbolic":"method"}],"bindDocumentResponsiveListener":[{"__symbolic":"method"}],"unbindDocumentResponsiveListener":[{"__symbolic":"method"}],"onWindowResize":[{"__symbolic":"method"}],"bindDocumentEscapeListener":[{"__symbolic":"method"}],"unbindDocumentEscapeListener":[{"__symbolic":"method"}],"ngOnDestroy":[{"__symbolic":"method"}]}},"DialogModule":{"__symbolic":"class","decorators":[{"__symbolic":"call","expression":{"__symbolic":"reference","module":"@angular/core","name":"NgModule"},"arguments":[{"imports":[{"__symbolic":"reference","module":"@angular/common","name":"CommonModule"}],"exports":[{"__symbolic":"reference","name":"Dialog"},{"__symbolic":"reference","module":"../common/shared","name":"SharedModule"}],"declarations":[{"__symbolic":"reference","name":"Dialog"}]}]}]}}}]