[{"__symbolic":"module","version":3,"metadata":{"Panel":{"__symbolic":"class","decorators":[{"__symbolic":"call","expression":{"__symbolic":"reference","module":"@angular/core","name":"Component"},"arguments":[{"selector":"p-panel","template":"\n        <div [ngClass]=\"'ui-panel ui-widget ui-widget-content ui-corner-all'\" [ngStyle]=\"style\" [class]=\"styleClass\">\n            <div class=\"ui-panel-titlebar ui-widget-header ui-helper-clearfix ui-corner-all\" *ngIf=\"showHeader\">\n                <span class=\"ui-panel-title\" *ngIf=\"header\">{{header}}</span>\n                <ng-content select=\"p-header\"></ng-content>\n                <a *ngIf=\"toggleable\" class=\"ui-panel-titlebar-icon ui-panel-titlebar-toggler ui-corner-all ui-state-default\" href=\"#\"\n                    (click)=\"toggle($event)\">\n                    <span [class]=\"collapsed ? 'fa fa-fw ' + expandIcon : 'fa fa-fw ' + collapseIcon\"></span>\n                </a>\n            </div>\n            <div class=\"ui-panel-content-wrapper\" [@panelContent]=\"collapsed ? 'hidden' : 'visible'\" (@panelContent.done)=\"onToggleDone($event)\"\n                [ngClass]=\"{'ui-panel-content-wrapper-overflown': collapsed||animating}\">\n                <div class=\"ui-panel-content ui-widget-content\">\n                    <ng-content></ng-content>\n                </div>\n                \n                <div class=\"ui-panel-footer ui-widget-content\" *ngIf=\"footerFacet\">\n                    <ng-content select=\"p-footer\"></ng-content>\n                </div>\n            </div>\n        </div>\n    ","animations":[{"__symbolic":"call","expression":{"__symbolic":"reference","module":"@angular/animations","name":"trigger"},"arguments":["panelContent",[{"__symbolic":"call","expression":{"__symbolic":"reference","module":"@angular/animations","name":"state"},"arguments":["hidden",{"__symbolic":"call","expression":{"__symbolic":"reference","module":"@angular/animations","name":"style"},"arguments":[{"height":"0"}]}]},{"__symbolic":"call","expression":{"__symbolic":"reference","module":"@angular/animations","name":"state"},"arguments":["visible",{"__symbolic":"call","expression":{"__symbolic":"reference","module":"@angular/animations","name":"style"},"arguments":[{"height":"*"}]}]},{"__symbolic":"call","expression":{"__symbolic":"reference","module":"@angular/animations","name":"transition"},"arguments":["visible <=> hidden",{"__symbolic":"call","expression":{"__symbolic":"reference","module":"@angular/animations","name":"animate"},"arguments":["400ms cubic-bezier(0.86, 0, 0.07, 1)"]}]}]]}]}]}],"members":{"toggleable":[{"__symbolic":"property","decorators":[{"__symbolic":"call","expression":{"__symbolic":"reference","module":"@angular/core","name":"Input"}}]}],"header":[{"__symbolic":"property","decorators":[{"__symbolic":"call","expression":{"__symbolic":"reference","module":"@angular/core","name":"Input"}}]}],"collapsed":[{"__symbolic":"property","decorators":[{"__symbolic":"call","expression":{"__symbolic":"reference","module":"@angular/core","name":"Input"}}]}],"style":[{"__symbolic":"property","decorators":[{"__symbolic":"call","expression":{"__symbolic":"reference","module":"@angular/core","name":"Input"}}]}],"styleClass":[{"__symbolic":"property","decorators":[{"__symbolic":"call","expression":{"__symbolic":"reference","module":"@angular/core","name":"Input"}}]}],"expandIcon":[{"__symbolic":"property","decorators":[{"__symbolic":"call","expression":{"__symbolic":"reference","module":"@angular/core","name":"Input"}}]}],"collapseIcon":[{"__symbolic":"property","decorators":[{"__symbolic":"call","expression":{"__symbolic":"reference","module":"@angular/core","name":"Input"}}]}],"showHeader":[{"__symbolic":"property","decorators":[{"__symbolic":"call","expression":{"__symbolic":"reference","module":"@angular/core","name":"Input"}}]}],"collapsedChange":[{"__symbolic":"property","decorators":[{"__symbolic":"call","expression":{"__symbolic":"reference","module":"@angular/core","name":"Output"}}]}],"onBeforeToggle":[{"__symbolic":"property","decorators":[{"__symbolic":"call","expression":{"__symbolic":"reference","module":"@angular/core","name":"Output"}}]}],"onAfterToggle":[{"__symbolic":"property","decorators":[{"__symbolic":"call","expression":{"__symbolic":"reference","module":"@angular/core","name":"Output"}}]}],"footerFacet":[{"__symbolic":"property","decorators":[{"__symbolic":"call","expression":{"__symbolic":"reference","module":"@angular/core","name":"ContentChild"},"arguments":[{"__symbolic":"reference","module":"../common/shared","name":"Footer"}]}]}],"__ctor__":[{"__symbolic":"constructor","parameters":[{"__symbolic":"reference","module":"@angular/core","name":"ElementRef"}]}],"toggle":[{"__symbolic":"method"}],"expand":[{"__symbolic":"method"}],"collapse":[{"__symbolic":"method"}],"getBlockableElement":[{"__symbolic":"method"}],"onToggleDone":[{"__symbolic":"method"}]}},"PanelModule":{"__symbolic":"class","decorators":[{"__symbolic":"call","expression":{"__symbolic":"reference","module":"@angular/core","name":"NgModule"},"arguments":[{"imports":[{"__symbolic":"reference","module":"@angular/common","name":"CommonModule"}],"exports":[{"__symbolic":"reference","name":"Panel"},{"__symbolic":"reference","module":"../common/shared","name":"SharedModule"}],"declarations":[{"__symbolic":"reference","name":"Panel"}]}]}]}}},{"__symbolic":"module","version":1,"metadata":{"Panel":{"__symbolic":"class","decorators":[{"__symbolic":"call","expression":{"__symbolic":"reference","module":"@angular/core","name":"Component"},"arguments":[{"selector":"p-panel","template":"\n        <div [ngClass]=\"'ui-panel ui-widget ui-widget-content ui-corner-all'\" [ngStyle]=\"style\" [class]=\"styleClass\">\n            <div class=\"ui-panel-titlebar ui-widget-header ui-helper-clearfix ui-corner-all\" *ngIf=\"showHeader\">\n                <span class=\"ui-panel-title\" *ngIf=\"header\">{{header}}</span>\n                <ng-content select=\"p-header\"></ng-content>\n                <a *ngIf=\"toggleable\" class=\"ui-panel-titlebar-icon ui-panel-titlebar-toggler ui-corner-all ui-state-default\" href=\"#\"\n                    (click)=\"toggle($event)\">\n                    <span [class]=\"collapsed ? 'fa fa-fw ' + expandIcon : 'fa fa-fw ' + collapseIcon\"></span>\n                </a>\n            </div>\n            <div class=\"ui-panel-content-wrapper\" [@panelContent]=\"collapsed ? 'hidden' : 'visible'\" (@panelContent.done)=\"onToggleDone($event)\"\n                [ngClass]=\"{'ui-panel-content-wrapper-overflown': collapsed||animating}\">\n                <div class=\"ui-panel-content ui-widget-content\">\n                    <ng-content></ng-content>\n                </div>\n                \n                <div class=\"ui-panel-footer ui-widget-content\" *ngIf=\"footerFacet\">\n                    <ng-content select=\"p-footer\"></ng-content>\n                </div>\n            </div>\n        </div>\n    ","animations":[{"__symbolic":"call","expression":{"__symbolic":"reference","module":"@angular/animations","name":"trigger"},"arguments":["panelContent",[{"__symbolic":"call","expression":{"__symbolic":"reference","module":"@angular/animations","name":"state"},"arguments":["hidden",{"__symbolic":"call","expression":{"__symbolic":"reference","module":"@angular/animations","name":"style"},"arguments":[{"height":"0"}]}]},{"__symbolic":"call","expression":{"__symbolic":"reference","module":"@angular/animations","name":"state"},"arguments":["visible",{"__symbolic":"call","expression":{"__symbolic":"reference","module":"@angular/animations","name":"style"},"arguments":[{"height":"*"}]}]},{"__symbolic":"call","expression":{"__symbolic":"reference","module":"@angular/animations","name":"transition"},"arguments":["visible <=> hidden",{"__symbolic":"call","expression":{"__symbolic":"reference","module":"@angular/animations","name":"animate"},"arguments":["400ms cubic-bezier(0.86, 0, 0.07, 1)"]}]}]]}]}]}],"members":{"toggleable":[{"__symbolic":"property","decorators":[{"__symbolic":"call","expression":{"__symbolic":"reference","module":"@angular/core","name":"Input"}}]}],"header":[{"__symbolic":"property","decorators":[{"__symbolic":"call","expression":{"__symbolic":"reference","module":"@angular/core","name":"Input"}}]}],"collapsed":[{"__symbolic":"property","decorators":[{"__symbolic":"call","expression":{"__symbolic":"reference","module":"@angular/core","name":"Input"}}]}],"style":[{"__symbolic":"property","decorators":[{"__symbolic":"call","expression":{"__symbolic":"reference","module":"@angular/core","name":"Input"}}]}],"styleClass":[{"__symbolic":"property","decorators":[{"__symbolic":"call","expression":{"__symbolic":"reference","module":"@angular/core","name":"Input"}}]}],"expandIcon":[{"__symbolic":"property","decorators":[{"__symbolic":"call","expression":{"__symbolic":"reference","module":"@angular/core","name":"Input"}}]}],"collapseIcon":[{"__symbolic":"property","decorators":[{"__symbolic":"call","expression":{"__symbolic":"reference","module":"@angular/core","name":"Input"}}]}],"showHeader":[{"__symbolic":"property","decorators":[{"__symbolic":"call","expression":{"__symbolic":"reference","module":"@angular/core","name":"Input"}}]}],"collapsedChange":[{"__symbolic":"property","decorators":[{"__symbolic":"call","expression":{"__symbolic":"reference","module":"@angular/core","name":"Output"}}]}],"onBeforeToggle":[{"__symbolic":"property","decorators":[{"__symbolic":"call","expression":{"__symbolic":"reference","module":"@angular/core","name":"Output"}}]}],"onAfterToggle":[{"__symbolic":"property","decorators":[{"__symbolic":"call","expression":{"__symbolic":"reference","module":"@angular/core","name":"Output"}}]}],"footerFacet":[{"__symbolic":"property","decorators":[{"__symbolic":"call","expression":{"__symbolic":"reference","module":"@angular/core","name":"ContentChild"},"arguments":[{"__symbolic":"reference","module":"../common/shared","name":"Footer"}]}]}],"__ctor__":[{"__symbolic":"constructor","parameters":[{"__symbolic":"reference","module":"@angular/core","name":"ElementRef"}]}],"toggle":[{"__symbolic":"method"}],"expand":[{"__symbolic":"method"}],"collapse":[{"__symbolic":"method"}],"getBlockableElement":[{"__symbolic":"method"}],"onToggleDone":[{"__symbolic":"method"}]}},"PanelModule":{"__symbolic":"class","decorators":[{"__symbolic":"call","expression":{"__symbolic":"reference","module":"@angular/core","name":"NgModule"},"arguments":[{"imports":[{"__symbolic":"reference","module":"@angular/common","name":"CommonModule"}],"exports":[{"__symbolic":"reference","name":"Panel"},{"__symbolic":"reference","module":"../common/shared","name":"SharedModule"}],"declarations":[{"__symbolic":"reference","name":"Panel"}]}]}]}}}]