[{"__symbolic":"module","version":3,"metadata":{"Breadcrumb":{"__symbolic":"class","decorators":[{"__symbolic":"call","expression":{"__symbolic":"reference","module":"@angular/core","name":"Component"},"arguments":[{"selector":"p-breadcrumb","template":"\n        <div [class]=\"styleClass\" [ngStyle]=\"style\" [ngClass]=\"'ui-breadcrumb ui-widget ui-widget-header ui-helper-clearfix ui-corner-all'\">\n            <ul>\n                <li class=\"ui-breadcrumb-home\" *ngIf=\"home\">\n                    <a *ngIf=\"!home.routerLink\" [href]=\"home.url||'#'\" class=\"ui-menuitem-link\" (click)=\"itemClick($event, home)\" \n                        [ngClass]=\"{'ui-state-disabled':home.disabled}\" [attr.target]=\"home.target\" [attr.title]=\"home.title\">\n                        <span [ngClass]=\"home.icon||'fa fa-home'\"></span>\n                    </a>\n                    <a *ngIf=\"home.routerLink\" [routerLink]=\"home.routerLink\" [queryParams]=\"home.queryParams\" [routerLinkActive]=\"'ui-state-active'\" [routerLinkActiveOptions]=\"home.routerLinkActiveOptions||{exact:false}\" class=\"ui-menuitem-link\" (click)=\"itemClick($event, home)\" \n                        [ngClass]=\"{'ui-state-disabled':home.disabled}\" [attr.target]=\"home.target\" [attr.title]=\"home.title\">\n                        <span class=\"fa fa-home\"></span>\n                    </a>\n                </li>\n                <li class=\"ui-breadcrumb-chevron fa fa-chevron-right\" *ngIf=\"model&&home\"></li>\n                <ng-template ngFor let-item let-end=\"last\" [ngForOf]=\"model\">\n                    <li role=\"menuitem\">\n                        <a *ngIf=\"!item.routerLink\" [href]=\"item.url||'#'\" class=\"ui-menuitem-link\" (click)=\"itemClick($event, item)\" \n                            [ngClass]=\"{'ui-state-disabled':item.disabled}\" [attr.target]=\"item.target\" [attr.title]=\"item.title\">\n                            <span class=\"ui-menuitem-text\">{{item.label}}</span>\n                        </a>\n                        <a *ngIf=\"item.routerLink\" [routerLink]=\"item.routerLink\" [queryParams]=\"item.queryParams\" [routerLinkActive]=\"'ui-state-active'\" [routerLinkActiveOptions]=\"item.routerLinkActiveOptions||{exact:false}\" class=\"ui-menuitem-link\" (click)=\"itemClick($event, item)\" \n                            [ngClass]=\"{'ui-state-disabled':item.disabled}\" [attr.target]=\"item.target\" [attr.title]=\"item.title\">\n                            <span class=\"ui-menuitem-text\">{{item.label}}</span>\n                        </a>\n                    </li>\n                    <li class=\"ui-breadcrumb-chevron fa fa-chevron-right\" *ngIf=\"!end\"></li>\n                </ng-template>\n            </ul>\n        </div>\n    "}]}],"members":{"model":[{"__symbolic":"property","decorators":[{"__symbolic":"call","expression":{"__symbolic":"reference","module":"@angular/core","name":"Input"}}]}],"style":[{"__symbolic":"property","decorators":[{"__symbolic":"call","expression":{"__symbolic":"reference","module":"@angular/core","name":"Input"}}]}],"styleClass":[{"__symbolic":"property","decorators":[{"__symbolic":"call","expression":{"__symbolic":"reference","module":"@angular/core","name":"Input"}}]}],"home":[{"__symbolic":"property","decorators":[{"__symbolic":"call","expression":{"__symbolic":"reference","module":"@angular/core","name":"Input"}}]}],"itemClick":[{"__symbolic":"method"}],"onHomeClick":[{"__symbolic":"method"}]}},"BreadcrumbModule":{"__symbolic":"class","decorators":[{"__symbolic":"call","expression":{"__symbolic":"reference","module":"@angular/core","name":"NgModule"},"arguments":[{"imports":[{"__symbolic":"reference","module":"@angular/common","name":"CommonModule"},{"__symbolic":"reference","module":"@angular/router","name":"RouterModule"}],"exports":[{"__symbolic":"reference","name":"Breadcrumb"},{"__symbolic":"reference","module":"@angular/router","name":"RouterModule"}],"declarations":[{"__symbolic":"reference","name":"Breadcrumb"}]}]}]}}},{"__symbolic":"module","version":1,"metadata":{"Breadcrumb":{"__symbolic":"class","decorators":[{"__symbolic":"call","expression":{"__symbolic":"reference","module":"@angular/core","name":"Component"},"arguments":[{"selector":"p-breadcrumb","template":"\n        <div [class]=\"styleClass\" [ngStyle]=\"style\" [ngClass]=\"'ui-breadcrumb ui-widget ui-widget-header ui-helper-clearfix ui-corner-all'\">\n            <ul>\n                <li class=\"ui-breadcrumb-home\" *ngIf=\"home\">\n                    <a *ngIf=\"!home.routerLink\" [href]=\"home.url||'#'\" class=\"ui-menuitem-link\" (click)=\"itemClick($event, home)\" \n                        [ngClass]=\"{'ui-state-disabled':home.disabled}\" [attr.target]=\"home.target\" [attr.title]=\"home.title\">\n                        <span [ngClass]=\"home.icon||'fa fa-home'\"></span>\n                    </a>\n                    <a *ngIf=\"home.routerLink\" [routerLink]=\"home.routerLink\" [queryParams]=\"home.queryParams\" [routerLinkActive]=\"'ui-state-active'\" [routerLinkActiveOptions]=\"home.routerLinkActiveOptions||{exact:false}\" class=\"ui-menuitem-link\" (click)=\"itemClick($event, home)\" \n                        [ngClass]=\"{'ui-state-disabled':home.disabled}\" [attr.target]=\"home.target\" [attr.title]=\"home.title\">\n                        <span class=\"fa fa-home\"></span>\n                    </a>\n                </li>\n                <li class=\"ui-breadcrumb-chevron fa fa-chevron-right\" *ngIf=\"model&&home\"></li>\n                <ng-template ngFor let-item let-end=\"last\" [ngForOf]=\"model\">\n                    <li role=\"menuitem\">\n                        <a *ngIf=\"!item.routerLink\" [href]=\"item.url||'#'\" class=\"ui-menuitem-link\" (click)=\"itemClick($event, item)\" \n                            [ngClass]=\"{'ui-state-disabled':item.disabled}\" [attr.target]=\"item.target\" [attr.title]=\"item.title\">\n                            <span class=\"ui-menuitem-text\">{{item.label}}</span>\n                        </a>\n                        <a *ngIf=\"item.routerLink\" [routerLink]=\"item.routerLink\" [queryParams]=\"item.queryParams\" [routerLinkActive]=\"'ui-state-active'\" [routerLinkActiveOptions]=\"item.routerLinkActiveOptions||{exact:false}\" class=\"ui-menuitem-link\" (click)=\"itemClick($event, item)\" \n                            [ngClass]=\"{'ui-state-disabled':item.disabled}\" [attr.target]=\"item.target\" [attr.title]=\"item.title\">\n                            <span class=\"ui-menuitem-text\">{{item.label}}</span>\n                        </a>\n                    </li>\n                    <li class=\"ui-breadcrumb-chevron fa fa-chevron-right\" *ngIf=\"!end\"></li>\n                </ng-template>\n            </ul>\n        </div>\n    "}]}],"members":{"model":[{"__symbolic":"property","decorators":[{"__symbolic":"call","expression":{"__symbolic":"reference","module":"@angular/core","name":"Input"}}]}],"style":[{"__symbolic":"property","decorators":[{"__symbolic":"call","expression":{"__symbolic":"reference","module":"@angular/core","name":"Input"}}]}],"styleClass":[{"__symbolic":"property","decorators":[{"__symbolic":"call","expression":{"__symbolic":"reference","module":"@angular/core","name":"Input"}}]}],"home":[{"__symbolic":"property","decorators":[{"__symbolic":"call","expression":{"__symbolic":"reference","module":"@angular/core","name":"Input"}}]}],"itemClick":[{"__symbolic":"method"}],"onHomeClick":[{"__symbolic":"method"}]}},"BreadcrumbModule":{"__symbolic":"class","decorators":[{"__symbolic":"call","expression":{"__symbolic":"reference","module":"@angular/core","name":"NgModule"},"arguments":[{"imports":[{"__symbolic":"reference","module":"@angular/common","name":"CommonModule"},{"__symbolic":"reference","module":"@angular/router","name":"RouterModule"}],"exports":[{"__symbolic":"reference","name":"Breadcrumb"},{"__symbolic":"reference","module":"@angular/router","name":"RouterModule"}],"declarations":[{"__symbolic":"reference","name":"Breadcrumb"}]}]}]}}}]