[{"__symbolic":"module","version":3,"metadata":{"BasePanelMenuItem":{"__symbolic":"class","members":{"handleClick":[{"__symbolic":"method"}]}},"PanelMenuSub":{"__symbolic":"class","extends":{"__symbolic":"reference","name":"BasePanelMenuItem"},"decorators":[{"__symbolic":"call","expression":{"__symbolic":"reference","module":"@angular/core","name":"Component"},"arguments":[{"selector":"p-panelMenuSub","template":"\n        <ul class=\"ui-menu-list ui-helper-reset\" [@submenu]=\"expanded ? 'visible' : 'hidden'\">\n            <ng-template ngFor let-child [ngForOf]=\"item.items\">\n                <li *ngIf=\"child.separator\" class=\"ui-menu-separator ui-widget-content\">\n                <li *ngIf=\"!child.separator\" class=\"ui-menuitem ui-corner-all\" [ngClass]=\"{'ui-menu-parent':child.items}\" [class]=\"child.styleClass\" [ngStyle]=\"child.style\">\n                    <a *ngIf=\"!child.routerLink\" [href]=\"child.url||'#'\" class=\"ui-menuitem-link ui-corner-all\" [attr.tabindex]=\"item.expanded ? null : '-1'\"\n                        [ngClass]=\"{'ui-menuitem-link-hasicon':child.icon&&child.items,'ui-state-disabled':child.disabled}\" \n                        (click)=\"handleClick($event,child)\" [attr.target]=\"child.target\" [attr.title]=\"child.title\">\n                        <span class=\"ui-panelmenu-icon fa fa-fw\" [ngClass]=\"{'fa-caret-right':!child.expanded,'fa-caret-down':child.expanded}\" *ngIf=\"child.items\"></span\n                        ><span class=\"ui-menuitem-icon fa fa-fw\" [ngClass]=\"child.icon\" *ngIf=\"child.icon\"></span\n                        ><span class=\"ui-menuitem-text\">{{child.label}}</span>\n                    </a>\n                    <a *ngIf=\"child.routerLink\" [routerLink]=\"child.routerLink\" [queryParams]=\"child.queryParams\" [routerLinkActive]=\"'ui-state-active'\" [routerLinkActiveOptions]=\"child.routerLinkActiveOptions||{exact:false}\" class=\"ui-menuitem-link ui-corner-all\" \n                        [ngClass]=\"{'ui-menuitem-link-hasicon':child.icon&&child.items,'ui-state-disabled':child.disabled}\" [attr.tabindex]=\"item.expanded ? null : '-1'\" \n                        (click)=\"handleClick($event,child)\" [attr.target]=\"child.target\" [attr.title]=\"child.title\">\n                        <span class=\"ui-panelmenu-icon fa fa-fw\" [ngClass]=\"{'fa-caret-right':!child.expanded,'fa-caret-down':child.expanded}\" *ngIf=\"child.items\"></span\n                        ><span class=\"ui-menuitem-icon fa fa-fw\" [ngClass]=\"child.icon\" *ngIf=\"child.icon\"></span\n                        ><span class=\"ui-menuitem-text\">{{child.label}}</span>\n                    </a>\n                    <p-panelMenuSub [item]=\"child\" [expanded]=\"child.expanded\" *ngIf=\"child.items\"></p-panelMenuSub>\n                </li>\n            </ng-template>\n        </ul>\n    ","animations":[{"__symbolic":"call","expression":{"__symbolic":"reference","module":"@angular/animations","name":"trigger"},"arguments":["submenu",[{"__symbolic":"call","expression":{"__symbolic":"reference","module":"@angular/animations","name":"state"},"arguments":["hidden",{"__symbolic":"call","expression":{"__symbolic":"reference","module":"@angular/animations","name":"style"},"arguments":[{"height":"0px"}]}]},{"__symbolic":"call","expression":{"__symbolic":"reference","module":"@angular/animations","name":"state"},"arguments":["visible",{"__symbolic":"call","expression":{"__symbolic":"reference","module":"@angular/animations","name":"style"},"arguments":[{"height":"*"}]}]},{"__symbolic":"call","expression":{"__symbolic":"reference","module":"@angular/animations","name":"transition"},"arguments":["visible => hidden",{"__symbolic":"call","expression":{"__symbolic":"reference","module":"@angular/animations","name":"animate"},"arguments":["400ms cubic-bezier(0.86, 0, 0.07, 1)"]}]},{"__symbolic":"call","expression":{"__symbolic":"reference","module":"@angular/animations","name":"transition"},"arguments":["hidden => visible",{"__symbolic":"call","expression":{"__symbolic":"reference","module":"@angular/animations","name":"animate"},"arguments":["400ms cubic-bezier(0.86, 0, 0.07, 1)"]}]}]]}]}]}],"members":{"item":[{"__symbolic":"property","decorators":[{"__symbolic":"call","expression":{"__symbolic":"reference","module":"@angular/core","name":"Input"}}]}],"expanded":[{"__symbolic":"property","decorators":[{"__symbolic":"call","expression":{"__symbolic":"reference","module":"@angular/core","name":"Input"}}]}]}},"PanelMenu":{"__symbolic":"class","extends":{"__symbolic":"reference","name":"BasePanelMenuItem"},"decorators":[{"__symbolic":"call","expression":{"__symbolic":"reference","module":"@angular/core","name":"Component"},"arguments":[{"selector":"p-panelMenu","template":"\n        <div [class]=\"styleClass\" [ngStyle]=\"style\" [ngClass]=\"'ui-panelmenu ui-widget'\">\n            <div *ngFor=\"let item of model;let f=first;let l=last;\" class=\"ui-panelmenu-panel\">\n                <div [ngClass]=\"{'ui-widget ui-panelmenu-header ui-state-default':true,'ui-corner-top':f,'ui-corner-bottom':l&&!item.expanded,\n                    'ui-state-active':item.expanded,'ui-state-disabled':item.disabled}\" [class]=\"item.styleClass\" [ngStyle]=\"item.style\">\n                    <a *ngIf=\"!item.routerLink\" [href]=\"item.url||'#'\" [ngClass]=\"{'ui-panelmenu-headerlink-hasicon':item.icon}\" (click)=\"handleClick($event,item)\"\n                        [attr.target]=\"item.target\" [attr.title]=\"item.title\">\n                        <span *ngIf=\"item.items\" class=\"ui-panelmenu-icon fa\" [ngClass]=\"{'fa-caret-right':!item.expanded,'fa-caret-down':item.expanded}\"></span\n                        ><span class=\"ui-menuitem-icon fa\" [ngClass]=\"item.icon\" *ngIf=\"item.icon\"></span\n                        ><span class=\"ui-menuitem-text\">{{item.label}}</span>\n                    </a>\n                    <a *ngIf=\"item.routerLink\" [routerLink]=\"item.routerLink\" [queryParams]=\"item.queryParams\" [routerLinkActive]=\"'ui-state-active'\" [routerLinkActiveOptions]=\"item.routerLinkActiveOptions||{exact:false}\" [ngClass]=\"{'ui-panelmenu-headerlink-hasicon':item.icon}\" (click)=\"handleClick($event,item)\"\n                        [attr.target]=\"item.target\" [attr.title]=\"item.title\">\n                        <span *ngIf=\"item.items\" class=\"ui-panelmenu-icon fa\" [ngClass]=\"{'fa-caret-right':!item.expanded,'fa-caret-down':item.expanded}\"></span\n                        ><span class=\"ui-menuitem-icon fa\" [ngClass]=\"item.icon\" *ngIf=\"item.icon\"></span\n                        ><span class=\"ui-menuitem-text\">{{item.label}}</span>\n                    </a>\n                </div>\n                <div *ngIf=\"item.items\" class=\"ui-panelmenu-content-wrapper\" [@rootItem]=\"item.expanded ? 'visible' : 'hidden'\"  (@rootItem.done)=\"onToggleDone($event)\"\n                    [ngClass]=\"{'ui-panelmenu-content-wrapper-overflown': !item.expanded||animating}\">\n                    <div class=\"ui-panelmenu-content ui-widget-content\">\n                        <p-panelMenuSub [item]=\"item\" [expanded]=\"true\"></p-panelMenuSub>\n                    </div>\n                </div>\n            </div>\n        </div>\n    ","animations":[{"__symbolic":"call","expression":{"__symbolic":"reference","module":"@angular/animations","name":"trigger"},"arguments":["rootItem",[{"__symbolic":"call","expression":{"__symbolic":"reference","module":"@angular/animations","name":"state"},"arguments":["hidden",{"__symbolic":"call","expression":{"__symbolic":"reference","module":"@angular/animations","name":"style"},"arguments":[{"height":"0px"}]}]},{"__symbolic":"call","expression":{"__symbolic":"reference","module":"@angular/animations","name":"state"},"arguments":["visible",{"__symbolic":"call","expression":{"__symbolic":"reference","module":"@angular/animations","name":"style"},"arguments":[{"height":"*"}]}]},{"__symbolic":"call","expression":{"__symbolic":"reference","module":"@angular/animations","name":"transition"},"arguments":["visible => hidden",{"__symbolic":"call","expression":{"__symbolic":"reference","module":"@angular/animations","name":"animate"},"arguments":["400ms cubic-bezier(0.86, 0, 0.07, 1)"]}]},{"__symbolic":"call","expression":{"__symbolic":"reference","module":"@angular/animations","name":"transition"},"arguments":["hidden => visible",{"__symbolic":"call","expression":{"__symbolic":"reference","module":"@angular/animations","name":"animate"},"arguments":["400ms cubic-bezier(0.86, 0, 0.07, 1)"]}]}]]}]}]}],"members":{"model":[{"__symbolic":"property","decorators":[{"__symbolic":"call","expression":{"__symbolic":"reference","module":"@angular/core","name":"Input"}}]}],"style":[{"__symbolic":"property","decorators":[{"__symbolic":"call","expression":{"__symbolic":"reference","module":"@angular/core","name":"Input"}}]}],"styleClass":[{"__symbolic":"property","decorators":[{"__symbolic":"call","expression":{"__symbolic":"reference","module":"@angular/core","name":"Input"}}]}],"multiple":[{"__symbolic":"property","decorators":[{"__symbolic":"call","expression":{"__symbolic":"reference","module":"@angular/core","name":"Input"}}]}],"collapseAll":[{"__symbolic":"method"}],"handleClick":[{"__symbolic":"method"}],"onToggleDone":[{"__symbolic":"method"}]}},"PanelMenuModule":{"__symbolic":"class","decorators":[{"__symbolic":"call","expression":{"__symbolic":"reference","module":"@angular/core","name":"NgModule"},"arguments":[{"imports":[{"__symbolic":"reference","module":"@angular/common","name":"CommonModule"},{"__symbolic":"reference","module":"@angular/router","name":"RouterModule"}],"exports":[{"__symbolic":"reference","name":"PanelMenu"},{"__symbolic":"reference","module":"@angular/router","name":"RouterModule"}],"declarations":[{"__symbolic":"reference","name":"PanelMenu"},{"__symbolic":"reference","name":"PanelMenuSub"}]}]}]}}},{"__symbolic":"module","version":1,"metadata":{"BasePanelMenuItem":{"__symbolic":"class","members":{"handleClick":[{"__symbolic":"method"}]}},"PanelMenuSub":{"__symbolic":"class","extends":{"__symbolic":"reference","name":"BasePanelMenuItem"},"decorators":[{"__symbolic":"call","expression":{"__symbolic":"reference","module":"@angular/core","name":"Component"},"arguments":[{"selector":"p-panelMenuSub","template":"\n        <ul class=\"ui-menu-list ui-helper-reset\" [@submenu]=\"expanded ? 'visible' : 'hidden'\">\n            <ng-template ngFor let-child [ngForOf]=\"item.items\">\n                <li *ngIf=\"child.separator\" class=\"ui-menu-separator ui-widget-content\">\n                <li *ngIf=\"!child.separator\" class=\"ui-menuitem ui-corner-all\" [ngClass]=\"{'ui-menu-parent':child.items}\" [class]=\"child.styleClass\" [ngStyle]=\"child.style\">\n                    <a *ngIf=\"!child.routerLink\" [href]=\"child.url||'#'\" class=\"ui-menuitem-link ui-corner-all\" [attr.tabindex]=\"item.expanded ? null : '-1'\"\n                        [ngClass]=\"{'ui-menuitem-link-hasicon':child.icon&&child.items,'ui-state-disabled':child.disabled}\" \n                        (click)=\"handleClick($event,child)\" [attr.target]=\"child.target\" [attr.title]=\"child.title\">\n                        <span class=\"ui-panelmenu-icon fa fa-fw\" [ngClass]=\"{'fa-caret-right':!child.expanded,'fa-caret-down':child.expanded}\" *ngIf=\"child.items\"></span\n                        ><span class=\"ui-menuitem-icon fa fa-fw\" [ngClass]=\"child.icon\" *ngIf=\"child.icon\"></span\n                        ><span class=\"ui-menuitem-text\">{{child.label}}</span>\n                    </a>\n                    <a *ngIf=\"child.routerLink\" [routerLink]=\"child.routerLink\" [queryParams]=\"child.queryParams\" [routerLinkActive]=\"'ui-state-active'\" [routerLinkActiveOptions]=\"child.routerLinkActiveOptions||{exact:false}\" class=\"ui-menuitem-link ui-corner-all\" \n                        [ngClass]=\"{'ui-menuitem-link-hasicon':child.icon&&child.items,'ui-state-disabled':child.disabled}\" [attr.tabindex]=\"item.expanded ? null : '-1'\" \n                        (click)=\"handleClick($event,child)\" [attr.target]=\"child.target\" [attr.title]=\"child.title\">\n                        <span class=\"ui-panelmenu-icon fa fa-fw\" [ngClass]=\"{'fa-caret-right':!child.expanded,'fa-caret-down':child.expanded}\" *ngIf=\"child.items\"></span\n                        ><span class=\"ui-menuitem-icon fa fa-fw\" [ngClass]=\"child.icon\" *ngIf=\"child.icon\"></span\n                        ><span class=\"ui-menuitem-text\">{{child.label}}</span>\n                    </a>\n                    <p-panelMenuSub [item]=\"child\" [expanded]=\"child.expanded\" *ngIf=\"child.items\"></p-panelMenuSub>\n                </li>\n            </ng-template>\n        </ul>\n    ","animations":[{"__symbolic":"call","expression":{"__symbolic":"reference","module":"@angular/animations","name":"trigger"},"arguments":["submenu",[{"__symbolic":"call","expression":{"__symbolic":"reference","module":"@angular/animations","name":"state"},"arguments":["hidden",{"__symbolic":"call","expression":{"__symbolic":"reference","module":"@angular/animations","name":"style"},"arguments":[{"height":"0px"}]}]},{"__symbolic":"call","expression":{"__symbolic":"reference","module":"@angular/animations","name":"state"},"arguments":["visible",{"__symbolic":"call","expression":{"__symbolic":"reference","module":"@angular/animations","name":"style"},"arguments":[{"height":"*"}]}]},{"__symbolic":"call","expression":{"__symbolic":"reference","module":"@angular/animations","name":"transition"},"arguments":["visible => hidden",{"__symbolic":"call","expression":{"__symbolic":"reference","module":"@angular/animations","name":"animate"},"arguments":["400ms cubic-bezier(0.86, 0, 0.07, 1)"]}]},{"__symbolic":"call","expression":{"__symbolic":"reference","module":"@angular/animations","name":"transition"},"arguments":["hidden => visible",{"__symbolic":"call","expression":{"__symbolic":"reference","module":"@angular/animations","name":"animate"},"arguments":["400ms cubic-bezier(0.86, 0, 0.07, 1)"]}]}]]}]}]}],"members":{"item":[{"__symbolic":"property","decorators":[{"__symbolic":"call","expression":{"__symbolic":"reference","module":"@angular/core","name":"Input"}}]}],"expanded":[{"__symbolic":"property","decorators":[{"__symbolic":"call","expression":{"__symbolic":"reference","module":"@angular/core","name":"Input"}}]}]}},"PanelMenu":{"__symbolic":"class","extends":{"__symbolic":"reference","name":"BasePanelMenuItem"},"decorators":[{"__symbolic":"call","expression":{"__symbolic":"reference","module":"@angular/core","name":"Component"},"arguments":[{"selector":"p-panelMenu","template":"\n        <div [class]=\"styleClass\" [ngStyle]=\"style\" [ngClass]=\"'ui-panelmenu ui-widget'\">\n            <div *ngFor=\"let item of model;let f=first;let l=last;\" class=\"ui-panelmenu-panel\">\n                <div [ngClass]=\"{'ui-widget ui-panelmenu-header ui-state-default':true,'ui-corner-top':f,'ui-corner-bottom':l&&!item.expanded,\n                    'ui-state-active':item.expanded,'ui-state-disabled':item.disabled}\" [class]=\"item.styleClass\" [ngStyle]=\"item.style\">\n                    <a *ngIf=\"!item.routerLink\" [href]=\"item.url||'#'\" [ngClass]=\"{'ui-panelmenu-headerlink-hasicon':item.icon}\" (click)=\"handleClick($event,item)\"\n                        [attr.target]=\"item.target\" [attr.title]=\"item.title\">\n                        <span *ngIf=\"item.items\" class=\"ui-panelmenu-icon fa\" [ngClass]=\"{'fa-caret-right':!item.expanded,'fa-caret-down':item.expanded}\"></span\n                        ><span class=\"ui-menuitem-icon fa\" [ngClass]=\"item.icon\" *ngIf=\"item.icon\"></span\n                        ><span class=\"ui-menuitem-text\">{{item.label}}</span>\n                    </a>\n                    <a *ngIf=\"item.routerLink\" [routerLink]=\"item.routerLink\" [queryParams]=\"item.queryParams\" [routerLinkActive]=\"'ui-state-active'\" [routerLinkActiveOptions]=\"item.routerLinkActiveOptions||{exact:false}\" [ngClass]=\"{'ui-panelmenu-headerlink-hasicon':item.icon}\" (click)=\"handleClick($event,item)\"\n                        [attr.target]=\"item.target\" [attr.title]=\"item.title\">\n                        <span *ngIf=\"item.items\" class=\"ui-panelmenu-icon fa\" [ngClass]=\"{'fa-caret-right':!item.expanded,'fa-caret-down':item.expanded}\"></span\n                        ><span class=\"ui-menuitem-icon fa\" [ngClass]=\"item.icon\" *ngIf=\"item.icon\"></span\n                        ><span class=\"ui-menuitem-text\">{{item.label}}</span>\n                    </a>\n                </div>\n                <div *ngIf=\"item.items\" class=\"ui-panelmenu-content-wrapper\" [@rootItem]=\"item.expanded ? 'visible' : 'hidden'\"  (@rootItem.done)=\"onToggleDone($event)\"\n                    [ngClass]=\"{'ui-panelmenu-content-wrapper-overflown': !item.expanded||animating}\">\n                    <div class=\"ui-panelmenu-content ui-widget-content\">\n                        <p-panelMenuSub [item]=\"item\" [expanded]=\"true\"></p-panelMenuSub>\n                    </div>\n                </div>\n            </div>\n        </div>\n    ","animations":[{"__symbolic":"call","expression":{"__symbolic":"reference","module":"@angular/animations","name":"trigger"},"arguments":["rootItem",[{"__symbolic":"call","expression":{"__symbolic":"reference","module":"@angular/animations","name":"state"},"arguments":["hidden",{"__symbolic":"call","expression":{"__symbolic":"reference","module":"@angular/animations","name":"style"},"arguments":[{"height":"0px"}]}]},{"__symbolic":"call","expression":{"__symbolic":"reference","module":"@angular/animations","name":"state"},"arguments":["visible",{"__symbolic":"call","expression":{"__symbolic":"reference","module":"@angular/animations","name":"style"},"arguments":[{"height":"*"}]}]},{"__symbolic":"call","expression":{"__symbolic":"reference","module":"@angular/animations","name":"transition"},"arguments":["visible => hidden",{"__symbolic":"call","expression":{"__symbolic":"reference","module":"@angular/animations","name":"animate"},"arguments":["400ms cubic-bezier(0.86, 0, 0.07, 1)"]}]},{"__symbolic":"call","expression":{"__symbolic":"reference","module":"@angular/animations","name":"transition"},"arguments":["hidden => visible",{"__symbolic":"call","expression":{"__symbolic":"reference","module":"@angular/animations","name":"animate"},"arguments":["400ms cubic-bezier(0.86, 0, 0.07, 1)"]}]}]]}]}]}],"members":{"model":[{"__symbolic":"property","decorators":[{"__symbolic":"call","expression":{"__symbolic":"reference","module":"@angular/core","name":"Input"}}]}],"style":[{"__symbolic":"property","decorators":[{"__symbolic":"call","expression":{"__symbolic":"reference","module":"@angular/core","name":"Input"}}]}],"styleClass":[{"__symbolic":"property","decorators":[{"__symbolic":"call","expression":{"__symbolic":"reference","module":"@angular/core","name":"Input"}}]}],"multiple":[{"__symbolic":"property","decorators":[{"__symbolic":"call","expression":{"__symbolic":"reference","module":"@angular/core","name":"Input"}}]}],"collapseAll":[{"__symbolic":"method"}],"handleClick":[{"__symbolic":"method"}],"onToggleDone":[{"__symbolic":"method"}]}},"PanelMenuModule":{"__symbolic":"class","decorators":[{"__symbolic":"call","expression":{"__symbolic":"reference","module":"@angular/core","name":"NgModule"},"arguments":[{"imports":[{"__symbolic":"reference","module":"@angular/common","name":"CommonModule"},{"__symbolic":"reference","module":"@angular/router","name":"RouterModule"}],"exports":[{"__symbolic":"reference","name":"PanelMenu"},{"__symbolic":"reference","module":"@angular/router","name":"RouterModule"}],"declarations":[{"__symbolic":"reference","name":"PanelMenu"},{"__symbolic":"reference","name":"PanelMenuSub"}]}]}]}}}]