[{"__symbolic":"module","version":3,"metadata":{"Steps":{"__symbolic":"class","decorators":[{"__symbolic":"call","expression":{"__symbolic":"reference","module":"@angular/core","name":"Component"},"arguments":[{"selector":"p-steps","template":"\n        <div [ngClass]=\"{'ui-steps ui-widget ui-helper-clearfix':true,'ui-steps-readonly':readonly}\" [ngStyle]=\"style\" [class]=\"styleClass\">\n            <ul role=\"tablist\">\n                <li *ngFor=\"let item of model; let i = index\" class=\"ui-steps-item\" #menuitem\n                    [ngClass]=\"{'ui-state-highlight':(i === activeIndex),'ui-state-default':(i !== activeIndex),\n                        'ui-state-disabled':item.disabled||(i !== activeIndex && readonly)}\">\n                    <a *ngIf=\"!item.routerLink\" [href]=\"item.url||'#'\" class=\"ui-menuitem-link\" (click)=\"itemClick($event, item, i)\" [attr.target]=\"item.target\">\n                        <span class=\"ui-steps-number\">{{i + 1}}</span>\n                        <span class=\"ui-steps-title\">{{item.label}}</span>\n                    </a>\n                    <a *ngIf=\"item.routerLink\" [routerLink]=\"item.routerLink\" [queryParams]=\"item.queryParams\" [routerLinkActive]=\"'ui-state-active'\" [routerLinkActiveOptions]=\"item.routerLinkActiveOptions||{exact:false}\" class=\"ui-menuitem-link\" (click)=\"itemClick($event, item, i)\" [attr.target]=\"item.target\">\n                        <span class=\"ui-steps-number\">{{i + 1}}</span>\n                        <span class=\"ui-steps-title\">{{item.label}}</span>\n                    </a>\n                </li>\n            </ul>\n        </div>\n    "}]}],"members":{"activeIndex":[{"__symbolic":"property","decorators":[{"__symbolic":"call","expression":{"__symbolic":"reference","module":"@angular/core","name":"Input"}}]}],"model":[{"__symbolic":"property","decorators":[{"__symbolic":"call","expression":{"__symbolic":"reference","module":"@angular/core","name":"Input"}}]}],"readonly":[{"__symbolic":"property","decorators":[{"__symbolic":"call","expression":{"__symbolic":"reference","module":"@angular/core","name":"Input"}}]}],"style":[{"__symbolic":"property","decorators":[{"__symbolic":"call","expression":{"__symbolic":"reference","module":"@angular/core","name":"Input"}}]}],"styleClass":[{"__symbolic":"property","decorators":[{"__symbolic":"call","expression":{"__symbolic":"reference","module":"@angular/core","name":"Input"}}]}],"activeIndexChange":[{"__symbolic":"property","decorators":[{"__symbolic":"call","expression":{"__symbolic":"reference","module":"@angular/core","name":"Output"}}]}],"itemClick":[{"__symbolic":"method"}]}},"StepsModule":{"__symbolic":"class","decorators":[{"__symbolic":"call","expression":{"__symbolic":"reference","module":"@angular/core","name":"NgModule"},"arguments":[{"imports":[{"__symbolic":"reference","module":"@angular/common","name":"CommonModule"},{"__symbolic":"reference","module":"@angular/router","name":"RouterModule"}],"exports":[{"__symbolic":"reference","name":"Steps"},{"__symbolic":"reference","module":"@angular/router","name":"RouterModule"}],"declarations":[{"__symbolic":"reference","name":"Steps"}]}]}]}}},{"__symbolic":"module","version":1,"metadata":{"Steps":{"__symbolic":"class","decorators":[{"__symbolic":"call","expression":{"__symbolic":"reference","module":"@angular/core","name":"Component"},"arguments":[{"selector":"p-steps","template":"\n        <div [ngClass]=\"{'ui-steps ui-widget ui-helper-clearfix':true,'ui-steps-readonly':readonly}\" [ngStyle]=\"style\" [class]=\"styleClass\">\n            <ul role=\"tablist\">\n                <li *ngFor=\"let item of model; let i = index\" class=\"ui-steps-item\" #menuitem\n                    [ngClass]=\"{'ui-state-highlight':(i === activeIndex),'ui-state-default':(i !== activeIndex),\n                        'ui-state-disabled':item.disabled||(i !== activeIndex && readonly)}\">\n                    <a *ngIf=\"!item.routerLink\" [href]=\"item.url||'#'\" class=\"ui-menuitem-link\" (click)=\"itemClick($event, item, i)\" [attr.target]=\"item.target\">\n                        <span class=\"ui-steps-number\">{{i + 1}}</span>\n                        <span class=\"ui-steps-title\">{{item.label}}</span>\n                    </a>\n                    <a *ngIf=\"item.routerLink\" [routerLink]=\"item.routerLink\" [queryParams]=\"item.queryParams\" [routerLinkActive]=\"'ui-state-active'\" [routerLinkActiveOptions]=\"item.routerLinkActiveOptions||{exact:false}\" class=\"ui-menuitem-link\" (click)=\"itemClick($event, item, i)\" [attr.target]=\"item.target\">\n                        <span class=\"ui-steps-number\">{{i + 1}}</span>\n                        <span class=\"ui-steps-title\">{{item.label}}</span>\n                    </a>\n                </li>\n            </ul>\n        </div>\n    "}]}],"members":{"activeIndex":[{"__symbolic":"property","decorators":[{"__symbolic":"call","expression":{"__symbolic":"reference","module":"@angular/core","name":"Input"}}]}],"model":[{"__symbolic":"property","decorators":[{"__symbolic":"call","expression":{"__symbolic":"reference","module":"@angular/core","name":"Input"}}]}],"readonly":[{"__symbolic":"property","decorators":[{"__symbolic":"call","expression":{"__symbolic":"reference","module":"@angular/core","name":"Input"}}]}],"style":[{"__symbolic":"property","decorators":[{"__symbolic":"call","expression":{"__symbolic":"reference","module":"@angular/core","name":"Input"}}]}],"styleClass":[{"__symbolic":"property","decorators":[{"__symbolic":"call","expression":{"__symbolic":"reference","module":"@angular/core","name":"Input"}}]}],"activeIndexChange":[{"__symbolic":"property","decorators":[{"__symbolic":"call","expression":{"__symbolic":"reference","module":"@angular/core","name":"Output"}}]}],"itemClick":[{"__symbolic":"method"}]}},"StepsModule":{"__symbolic":"class","decorators":[{"__symbolic":"call","expression":{"__symbolic":"reference","module":"@angular/core","name":"NgModule"},"arguments":[{"imports":[{"__symbolic":"reference","module":"@angular/common","name":"CommonModule"},{"__symbolic":"reference","module":"@angular/router","name":"RouterModule"}],"exports":[{"__symbolic":"reference","name":"Steps"},{"__symbolic":"reference","module":"@angular/router","name":"RouterModule"}],"declarations":[{"__symbolic":"reference","name":"Steps"}]}]}]}}}]