[{"__symbolic":"module","version":3,"metadata":{"ProgressBar":{"__symbolic":"class","decorators":[{"__symbolic":"call","expression":{"__symbolic":"reference","module":"@angular/core","name":"Component"},"arguments":[{"selector":"p-progressBar","template":"\n        <div [class]=\"styleClass\" [ngStyle]=\"style\" role=\"progressbar\" aria-valuemin=\"0\" [attr.aria-valuenow]=\"value\" aria-valuemax=\"100\"\n            [ngClass]=\"{'ui-progressbar ui-widget ui-widget-content ui-corner-all': true, 'ui-progressbar-determinate': (mode === 'determinate'), 'ui-progressbar-indeterminate': (mode === 'indeterminate')}\">\n            <div class=\"ui-progressbar-value ui-progressbar-value-animate ui-widget-header ui-corner-all\" [style.width]=\"value + '%'\" style=\"display:block\"></div>\n            <div class=\"ui-progressbar-label\" [style.display]=\"value ? 'block' : 'none'\" *ngIf=\"showValue\">{{value}}{{unit}}</div>\n        </div>\n    "}]}],"members":{"value":[{"__symbolic":"property","decorators":[{"__symbolic":"call","expression":{"__symbolic":"reference","module":"@angular/core","name":"Input"}}]}],"showValue":[{"__symbolic":"property","decorators":[{"__symbolic":"call","expression":{"__symbolic":"reference","module":"@angular/core","name":"Input"}}]}],"style":[{"__symbolic":"property","decorators":[{"__symbolic":"call","expression":{"__symbolic":"reference","module":"@angular/core","name":"Input"}}]}],"styleClass":[{"__symbolic":"property","decorators":[{"__symbolic":"call","expression":{"__symbolic":"reference","module":"@angular/core","name":"Input"}}]}],"unit":[{"__symbolic":"property","decorators":[{"__symbolic":"call","expression":{"__symbolic":"reference","module":"@angular/core","name":"Input"}}]}],"mode":[{"__symbolic":"property","decorators":[{"__symbolic":"call","expression":{"__symbolic":"reference","module":"@angular/core","name":"Input"}}]}]}},"ProgressBarModule":{"__symbolic":"class","decorators":[{"__symbolic":"call","expression":{"__symbolic":"reference","module":"@angular/core","name":"NgModule"},"arguments":[{"imports":[{"__symbolic":"reference","module":"@angular/common","name":"CommonModule"}],"exports":[{"__symbolic":"reference","name":"ProgressBar"}],"declarations":[{"__symbolic":"reference","name":"ProgressBar"}]}]}]}}},{"__symbolic":"module","version":1,"metadata":{"ProgressBar":{"__symbolic":"class","decorators":[{"__symbolic":"call","expression":{"__symbolic":"reference","module":"@angular/core","name":"Component"},"arguments":[{"selector":"p-progressBar","template":"\n        <div [class]=\"styleClass\" [ngStyle]=\"style\" role=\"progressbar\" aria-valuemin=\"0\" [attr.aria-valuenow]=\"value\" aria-valuemax=\"100\"\n            [ngClass]=\"{'ui-progressbar ui-widget ui-widget-content ui-corner-all': true, 'ui-progressbar-determinate': (mode === 'determinate'), 'ui-progressbar-indeterminate': (mode === 'indeterminate')}\">\n            <div class=\"ui-progressbar-value ui-progressbar-value-animate ui-widget-header ui-corner-all\" [style.width]=\"value + '%'\" style=\"display:block\"></div>\n            <div class=\"ui-progressbar-label\" [style.display]=\"value ? 'block' : 'none'\" *ngIf=\"showValue\">{{value}}{{unit}}</div>\n        </div>\n    "}]}],"members":{"value":[{"__symbolic":"property","decorators":[{"__symbolic":"call","expression":{"__symbolic":"reference","module":"@angular/core","name":"Input"}}]}],"showValue":[{"__symbolic":"property","decorators":[{"__symbolic":"call","expression":{"__symbolic":"reference","module":"@angular/core","name":"Input"}}]}],"style":[{"__symbolic":"property","decorators":[{"__symbolic":"call","expression":{"__symbolic":"reference","module":"@angular/core","name":"Input"}}]}],"styleClass":[{"__symbolic":"property","decorators":[{"__symbolic":"call","expression":{"__symbolic":"reference","module":"@angular/core","name":"Input"}}]}],"unit":[{"__symbolic":"property","decorators":[{"__symbolic":"call","expression":{"__symbolic":"reference","module":"@angular/core","name":"Input"}}]}],"mode":[{"__symbolic":"property","decorators":[{"__symbolic":"call","expression":{"__symbolic":"reference","module":"@angular/core","name":"Input"}}]}]}},"ProgressBarModule":{"__symbolic":"class","decorators":[{"__symbolic":"call","expression":{"__symbolic":"reference","module":"@angular/core","name":"NgModule"},"arguments":[{"imports":[{"__symbolic":"reference","module":"@angular/common","name":"CommonModule"}],"exports":[{"__symbolic":"reference","name":"ProgressBar"}],"declarations":[{"__symbolic":"reference","name":"ProgressBar"}]}]}]}}}]