[{"__symbolic":"module","version":3,"metadata":{"MenuItemContent":{"__symbolic":"class","decorators":[{"__symbolic":"call","expression":{"__symbolic":"reference","module":"@angular/core","name":"Component"},"arguments":[{"selector":"[pMenuItemContent]","template":"\n        <a *ngIf=\"!item.routerLink\" [href]=\"item.url||'#'\" class=\"ui-menuitem-link ui-corner-all\" [attr.target]=\"item.target\" [attr.title]=\"item.title\"\n            [ngClass]=\"{'ui-state-disabled':item.disabled}\" (click)=\"menu.itemClick($event, item)\">\n            <span class=\"ui-menuitem-icon fa fa-fw\" *ngIf=\"item.icon\" [ngClass]=\"item.icon\"></span>\n            <span class=\"ui-menuitem-text\">{{item.label}}</span>\n        </a>\n        <a *ngIf=\"item.routerLink\" [routerLink]=\"item.routerLink\" [queryParams]=\"item.queryParams\" [routerLinkActive]=\"'ui-state-active'\" \n            [routerLinkActiveOptions]=\"item.routerLinkActiveOptions||{exact:false}\" class=\"ui-menuitem-link ui-corner-all\" [attr.target]=\"item.target\"\n             [attr.title]=\"item.title\" [ngClass]=\"{'ui-state-disabled':item.disabled}\" (click)=\"menu.itemClick($event, item)\">\n            <span class=\"ui-menuitem-icon fa fa-fw\" *ngIf=\"item.icon\" [ngClass]=\"item.icon\"></span>\n            <span class=\"ui-menuitem-text\">{{item.label}}</span>\n        </a>\n    "}]}],"members":{"item":[{"__symbolic":"property","decorators":[{"__symbolic":"call","expression":{"__symbolic":"reference","module":"@angular/core","name":"Input"},"arguments":["pMenuItemContent"]}]}],"__ctor__":[{"__symbolic":"constructor","parameterDecorators":[[{"__symbolic":"call","expression":{"__symbolic":"reference","module":"@angular/core","name":"Inject"},"arguments":[{"__symbolic":"reference","name":"Menu"}]}]],"parameters":[{"__symbolic":"reference","name":"Menu"}]}]}},"Menu":{"__symbolic":"class","decorators":[{"__symbolic":"call","expression":{"__symbolic":"reference","module":"@angular/core","name":"Component"},"arguments":[{"selector":"p-menu","template":"\n        <div #container [ngClass]=\"{'ui-menu ui-widget ui-widget-content ui-corner-all ui-helper-clearfix':true,'ui-menu-dynamic ui-shadow':popup}\" \n            [class]=\"styleClass\" [ngStyle]=\"style\" (click)=\"preventDocumentDefault=true\">\n            <ul class=\"ui-menu-list ui-helper-reset\">\n                <ng-template ngFor let-submenu [ngForOf]=\"model\" *ngIf=\"hasSubMenu()\">\n                    <li class=\"ui-menu-separator ui-widget-content\" *ngIf=\"submenu.separator\" [ngClass]=\"{'ui-helper-hidden': submenu.visible === false}\"></li>\n                    <li class=\"ui-widget-header ui-corner-all\" *ngIf=\"!submenu.separator\" [ngClass]=\"{'ui-helper-hidden': submenu.visible === false}\"><h3>{{submenu.label}}</h3></li>\n                    <ng-template ngFor let-item [ngForOf]=\"submenu.items\">\n                        <li class=\"ui-menu-separator ui-widget-content\" *ngIf=\"item.separator\" [ngClass]=\"{'ui-helper-hidden': (item.visible === false || submenu.visible === false)}\"></li>\n                        <li class=\"ui-menuitem ui-widget ui-corner-all\" *ngIf=\"!item.separator\" [pMenuItemContent]=\"item\" [ngClass]=\"{'ui-helper-hidden': (item.visible === false || submenu.visible === false)}\"></li>\n                    </ng-template>\n                </ng-template>\n                <ng-template ngFor let-item [ngForOf]=\"model\" *ngIf=\"!hasSubMenu()\">\n                    <li class=\"ui-menu-separator ui-widget-content\" *ngIf=\"item.separator\" [ngClass]=\"{'ui-helper-hidden': item.visible === false}\"></li>\n                    <li class=\"ui-menuitem ui-widget ui-corner-all\" *ngIf=\"!item.separator\" [pMenuItemContent]=\"item\" [ngClass]=\"{'ui-helper-hidden': item.visible === false}\"></li>\n                </ng-template>\n            </ul>\n        </div>\n    ","providers":[{"__symbolic":"reference","module":"../dom/domhandler","name":"DomHandler"}],"host":{"(window:resize)":"onResize($event)","$quoted$":["(window:resize)"]}}]}],"members":{"model":[{"__symbolic":"property","decorators":[{"__symbolic":"call","expression":{"__symbolic":"reference","module":"@angular/core","name":"Input"}}]}],"popup":[{"__symbolic":"property","decorators":[{"__symbolic":"call","expression":{"__symbolic":"reference","module":"@angular/core","name":"Input"}}]}],"style":[{"__symbolic":"property","decorators":[{"__symbolic":"call","expression":{"__symbolic":"reference","module":"@angular/core","name":"Input"}}]}],"styleClass":[{"__symbolic":"property","decorators":[{"__symbolic":"call","expression":{"__symbolic":"reference","module":"@angular/core","name":"Input"}}]}],"appendTo":[{"__symbolic":"property","decorators":[{"__symbolic":"call","expression":{"__symbolic":"reference","module":"@angular/core","name":"Input"}}]}],"containerViewChild":[{"__symbolic":"property","decorators":[{"__symbolic":"call","expression":{"__symbolic":"reference","module":"@angular/core","name":"ViewChild"},"arguments":["container"]}]}],"__ctor__":[{"__symbolic":"constructor","parameters":[{"__symbolic":"reference","module":"@angular/core","name":"ElementRef"},{"__symbolic":"reference","module":"../dom/domhandler","name":"DomHandler"},{"__symbolic":"reference","module":"@angular/core","name":"Renderer2"}]}],"ngAfterViewInit":[{"__symbolic":"method"}],"toggle":[{"__symbolic":"method"}],"onResize":[{"__symbolic":"method"}],"show":[{"__symbolic":"method"}],"hide":[{"__symbolic":"method"}],"itemClick":[{"__symbolic":"method"}],"ngOnDestroy":[{"__symbolic":"method"}],"hasSubMenu":[{"__symbolic":"method"}]}},"MenuModule":{"__symbolic":"class","decorators":[{"__symbolic":"call","expression":{"__symbolic":"reference","module":"@angular/core","name":"NgModule"},"arguments":[{"imports":[{"__symbolic":"reference","module":"@angular/common","name":"CommonModule"},{"__symbolic":"reference","module":"@angular/router","name":"RouterModule"}],"exports":[{"__symbolic":"reference","name":"Menu"},{"__symbolic":"reference","module":"@angular/router","name":"RouterModule"}],"declarations":[{"__symbolic":"reference","name":"Menu"},{"__symbolic":"reference","name":"MenuItemContent"}]}]}]}}},{"__symbolic":"module","version":1,"metadata":{"MenuItemContent":{"__symbolic":"class","decorators":[{"__symbolic":"call","expression":{"__symbolic":"reference","module":"@angular/core","name":"Component"},"arguments":[{"selector":"[pMenuItemContent]","template":"\n        <a *ngIf=\"!item.routerLink\" [href]=\"item.url||'#'\" class=\"ui-menuitem-link ui-corner-all\" [attr.target]=\"item.target\" [attr.title]=\"item.title\"\n            [ngClass]=\"{'ui-state-disabled':item.disabled}\" (click)=\"menu.itemClick($event, item)\">\n            <span class=\"ui-menuitem-icon fa fa-fw\" *ngIf=\"item.icon\" [ngClass]=\"item.icon\"></span>\n            <span class=\"ui-menuitem-text\">{{item.label}}</span>\n        </a>\n        <a *ngIf=\"item.routerLink\" [routerLink]=\"item.routerLink\" [queryParams]=\"item.queryParams\" [routerLinkActive]=\"'ui-state-active'\" \n            [routerLinkActiveOptions]=\"item.routerLinkActiveOptions||{exact:false}\" class=\"ui-menuitem-link ui-corner-all\" [attr.target]=\"item.target\"\n             [attr.title]=\"item.title\" [ngClass]=\"{'ui-state-disabled':item.disabled}\" (click)=\"menu.itemClick($event, item)\">\n            <span class=\"ui-menuitem-icon fa fa-fw\" *ngIf=\"item.icon\" [ngClass]=\"item.icon\"></span>\n            <span class=\"ui-menuitem-text\">{{item.label}}</span>\n        </a>\n    "}]}],"members":{"item":[{"__symbolic":"property","decorators":[{"__symbolic":"call","expression":{"__symbolic":"reference","module":"@angular/core","name":"Input"},"arguments":["pMenuItemContent"]}]}],"__ctor__":[{"__symbolic":"constructor","parameterDecorators":[[{"__symbolic":"call","expression":{"__symbolic":"reference","module":"@angular/core","name":"Inject"},"arguments":[{"__symbolic":"reference","name":"Menu"}]}]],"parameters":[{"__symbolic":"reference","name":"Menu"}]}]}},"Menu":{"__symbolic":"class","decorators":[{"__symbolic":"call","expression":{"__symbolic":"reference","module":"@angular/core","name":"Component"},"arguments":[{"selector":"p-menu","template":"\n        <div #container [ngClass]=\"{'ui-menu ui-widget ui-widget-content ui-corner-all ui-helper-clearfix':true,'ui-menu-dynamic ui-shadow':popup}\" \n            [class]=\"styleClass\" [ngStyle]=\"style\" (click)=\"preventDocumentDefault=true\">\n            <ul class=\"ui-menu-list ui-helper-reset\">\n                <ng-template ngFor let-submenu [ngForOf]=\"model\" *ngIf=\"hasSubMenu()\">\n                    <li class=\"ui-menu-separator ui-widget-content\" *ngIf=\"submenu.separator\" [ngClass]=\"{'ui-helper-hidden': submenu.visible === false}\"></li>\n                    <li class=\"ui-widget-header ui-corner-all\" *ngIf=\"!submenu.separator\" [ngClass]=\"{'ui-helper-hidden': submenu.visible === false}\"><h3>{{submenu.label}}</h3></li>\n                    <ng-template ngFor let-item [ngForOf]=\"submenu.items\">\n                        <li class=\"ui-menu-separator ui-widget-content\" *ngIf=\"item.separator\" [ngClass]=\"{'ui-helper-hidden': (item.visible === false || submenu.visible === false)}\"></li>\n                        <li class=\"ui-menuitem ui-widget ui-corner-all\" *ngIf=\"!item.separator\" [pMenuItemContent]=\"item\" [ngClass]=\"{'ui-helper-hidden': (item.visible === false || submenu.visible === false)}\"></li>\n                    </ng-template>\n                </ng-template>\n                <ng-template ngFor let-item [ngForOf]=\"model\" *ngIf=\"!hasSubMenu()\">\n                    <li class=\"ui-menu-separator ui-widget-content\" *ngIf=\"item.separator\" [ngClass]=\"{'ui-helper-hidden': item.visible === false}\"></li>\n                    <li class=\"ui-menuitem ui-widget ui-corner-all\" *ngIf=\"!item.separator\" [pMenuItemContent]=\"item\" [ngClass]=\"{'ui-helper-hidden': item.visible === false}\"></li>\n                </ng-template>\n            </ul>\n        </div>\n    ","providers":[{"__symbolic":"reference","module":"../dom/domhandler","name":"DomHandler"}],"host":{"(window:resize)":"onResize($event)"}}]}],"members":{"model":[{"__symbolic":"property","decorators":[{"__symbolic":"call","expression":{"__symbolic":"reference","module":"@angular/core","name":"Input"}}]}],"popup":[{"__symbolic":"property","decorators":[{"__symbolic":"call","expression":{"__symbolic":"reference","module":"@angular/core","name":"Input"}}]}],"style":[{"__symbolic":"property","decorators":[{"__symbolic":"call","expression":{"__symbolic":"reference","module":"@angular/core","name":"Input"}}]}],"styleClass":[{"__symbolic":"property","decorators":[{"__symbolic":"call","expression":{"__symbolic":"reference","module":"@angular/core","name":"Input"}}]}],"appendTo":[{"__symbolic":"property","decorators":[{"__symbolic":"call","expression":{"__symbolic":"reference","module":"@angular/core","name":"Input"}}]}],"containerViewChild":[{"__symbolic":"property","decorators":[{"__symbolic":"call","expression":{"__symbolic":"reference","module":"@angular/core","name":"ViewChild"},"arguments":["container"]}]}],"__ctor__":[{"__symbolic":"constructor","parameters":[{"__symbolic":"reference","module":"@angular/core","name":"ElementRef"},{"__symbolic":"reference","module":"../dom/domhandler","name":"DomHandler"},{"__symbolic":"reference","module":"@angular/core","name":"Renderer2"}]}],"ngAfterViewInit":[{"__symbolic":"method"}],"toggle":[{"__symbolic":"method"}],"onResize":[{"__symbolic":"method"}],"show":[{"__symbolic":"method"}],"hide":[{"__symbolic":"method"}],"itemClick":[{"__symbolic":"method"}],"ngOnDestroy":[{"__symbolic":"method"}],"hasSubMenu":[{"__symbolic":"method"}]}},"MenuModule":{"__symbolic":"class","decorators":[{"__symbolic":"call","expression":{"__symbolic":"reference","module":"@angular/core","name":"NgModule"},"arguments":[{"imports":[{"__symbolic":"reference","module":"@angular/common","name":"CommonModule"},{"__symbolic":"reference","module":"@angular/router","name":"RouterModule"}],"exports":[{"__symbolic":"reference","name":"Menu"},{"__symbolic":"reference","module":"@angular/router","name":"RouterModule"}],"declarations":[{"__symbolic":"reference","name":"Menu"},{"__symbolic":"reference","name":"MenuItemContent"}]}]}]}}}]